1,Candi Penataran,"Candi Penataran secara administratif terletak di Desa Penataran, Kec. Nglegok, Kab.Blitar. Candi ini terletak sekitar 12 km di utara Kota Blitar, berada di kaki Gunung Kelud. Merupakan komplek candi dengan tataruang persegi, memanjang dari barat ke timur yang dibagi menjadi tiga pelataran. Dahulu antar pelataran dipisahkan oleh dinding, namun saat ini dinding yang dimaksud telah runtuh. Komplek candi ini terdiri dari pintu masuk utama, pendopo agung, teras pendopo, Candi Angka Tahun, Candi Naga, Candi Induk, tubuh candi induk, dan Petirtaan Dalam. Candi Penataran merupakan salah satu contoh luar biasa dari ciri arsitektur Jawa Timur, di mana candinya berupa struktur berundak dengan tempat paling suci terletak pada sisi belakang candi.","Penataran, Nglegok, Blitar, Jawa Timur",1,3
2,Pantai Tambakrejo,"Pantai Tambakrejo terletak di Desa Tambakrejo, Kecamatan Wonotirto, Kabupaten Blitar, atau sekitar 30 km ke&nbsp;arah selatan Kota Blitar. Pantai ini sangat unik karena memiliki garis pantai dengan pasir putih sekitar 10 km. Selain itu, pantai ini cenderung berbentuk teluk, sehingga ombak yang menerjang pantai Tambakrejo tidak begitu besar. Dengan kondisi yang demikian, pantai ini cukup aman untuk dijadikan lokasi bermain air, tetapi tetap memperhatikan keselamatan. Wisata ini merupakan salah satu pantai yang paling favorit di Blitar, sehingga banyak dikunjungi wisatawan lokal maupun asing.","Tambakrejo, Wonotirto, Blitar, Jawa Timur",2,6
3,Pantai Jolosutro,"Pantai lain yang tidak kalah favorit di kabupaten Blitar adalah Pantai Jolosutro. Pantai ini memiliki pasir hitam yang halus, tetapi tetap menawarkan keindahan alam yang tidak ada duanya. Pantai eksotis ini juga cukup terkenal bagi kalangan peselancar karena memiliki ombak yang cukup besar, sehingga bagi kalian yang berniat untuk bermain air di pantai ini, diharap selalu waspada. Lokasi pantai ini terletak di Desa Ringenrejo, Kecamatan Wates, Kabupaten Blitar, atau berjarak 45 Km dari pusat Kota Blitar. Selain itu, lokasi pantai ini juga berbatasan dengan Kabupaten Malang, sehingga cocok untuk dijadikan tempat singgah melepas penat ketika sedang menempuh perjalanan ke Malang.","Ringinsari, Ringenrejo, Wates, Blitar, Jawa Timur",2,5
4,Pantai Pangi,"Pantai Pangi merupakan salah satu tempat wisata pantai di Blitar yang cukup terkenal. Pantai ini tampak seperti teluk, dengan bebatuan karang yang menutupinya. Lokasinya yang cukup tersembunyi menyebabkan keasrian alam pantai ini tetap terjaga. Selain itu, pantai ini menawarkan suasana pedesaan yang akan membuat kalian betah berlama-lama di tempat wisata ini. Apabila kalian ingin ""menyatu dengan alam"", kalian dapat camping di pantai ini bersama teman-teman terdekat. Lokasi pantai ini terletak di Desa Tumpak Kepuh, Kecamatan Bakung, Kabupaten Blitar.","Tumpakkepuh, Bakung, Blitar, Jawa Timur",2,4
5,Wisata Pesanggrahan Tambakrejo,"Apabila kalian berkunjung ke wisata Blitar Pantai Tambakrejo, sempatkan untuk mengunjungi pesanggrahan yang terletak di atas bukit pantai tersebut. Lokasi ini menawarkan keindahan pemandangan pantai yang indah, serta dipadukan dengan suasana senja yang romantis. Pesanggrahan ini merupakan sebuah penginapan yang memiliki beberapa fasilitas istimewa, mulai dari bedroom, hingga ruang rapat yang sangat cocok untuk dijadikan tempat meeting.","Tambakrejo, Wonotirto, Blitar, Jawa Timur",2,6
6,Pantai Serang,"Salah satu tempat wisata di Blitar yang wajib dikunjungi adalah Pantai Serang. Salah satu daya tarik dari pantai ini adalah pasir putih bersih dan halus, tentu saja sangat instagramable. Pantai ini berlokasi di Desa Serang, Kecamatan Panggungrejo, Kabupaten Blitar, atau 45 km ke arah barat daya Kota Blitar. Pantai ini juga cukup aman untuk dijadikan lokasi berenang karena memiliki ombak yang tidak terlalu besar.","Serang, Panggungrejo, Blitar, Jawa Timur",2,7
7,Pantai Peh Pulo,"Satu lagi lokasi pantai yang memiliki keindahan alam di bagian selatan Kabupaten Blitar adalah Pantai Peh Pulo. Lokasi pantai ini terletak di daerah Panggung Rejo atau dapat ditempuh menggunakan kendaraan pribadi selama kurang lebih Sembilan puluh menit. Wisata pantai Blitar ini cukup tersembunyi dan panorama alamnya masih cukup asri. Selain itu, pantai ini juga menjadi salah satu tempat wisata Blitar terbaru yang sangat direkomendasikan untuk kalian kunjungi.","Dusun Pehpulo, Sumbersih, Panggungrejo, Blitar, Jawa Timur",2,7
8,Pantai Gondo Mayit,"Mendengar namanya saja sudah cukup seram, bukan? Namun demikian, pesona wisata alam di Blitar ini memiliki keindahan alam yang sangat bagus. Pantai ini masih sepi, memiliki pasir putih yang panjang, dan cukup terjaga keasriannya. Objek wisata Blitar ini tergolong baru, sangat cocok untuk dijadikan sebagai lokasi camping. Untuk menuju lokasi wisata ini, sangat membutuhkan perjuangan karena kalian harus melewati bukit dan menyeberang sungai. Pantai ini sangat cocok bagi kalian yang memiliki jiwa petualang.","Tambakrejo, Wonotirto, Blitar, Jawa Timur",2,6
9,Pantai Umbul Waru,"Tempat wisata di Blitar yang lagi hits adalah wisata Pantai Umbul Waru. Pantai ini terletak di Desa Sidomulyo, Kecamatan Bakung, Kabupaten Blitar. Pantai ini sangat unik karena memiliki air terjun yang mengalir dari atas bukit menuju ke Samudra Hindia. Akses menuju lokasi pantai ini cukup sulit karena kalian harus melalui jalanan terjal dan sempit. Apabila kalian akan menuju ke sana, kami rekomendasikan untuk menyiapkan perbekalan yang cukup.","Sidomulyo, Bakung, Blitar, Jawa Timur",2,4
10,Tempat Wisata Alam Air Terjun Coban Wilis,"Tempat wisata di Blitar ini terletak di kawasan Gunung Kelud, tepatnya di Desa Wisata Ekologis, Semen Gandusari, Kecamatan Gandusari, Kabupaten Blitar. Untuk mencapai air terjun ini, kalian harus melalui jalan setapak sekitar dua jam! Lokasi wisata Blitar ini cocok bagi kalian yang memiliki jiwa petualangan.","Slumbung, Gandusari, Blitar, Jawa Timur",3,8
11,Tempat Wisata Air Terjun Sirah Kencong Blitar,"Wisata Blitar air terjun yang satu ini terletak di Desa Ngadirenggo, Kecamatan Wlingi, Kabupaten Blitar. Sama seperti wisata air terjun sebelumnya, akses menuju lokasi ini juga cukup menantang karena harus berjalan kaki melewati hutan belantara. Lokasinya yang tersembunyi menyebabkan wisata ini masih cukup asri.","Ngadirenggo, Wlingi, Blitar, Jawa Timur",3,9
12,Wisata Alam Air Terjun Grenjeng Blitar,"Objek wisata di Blitar ini merupakan sebuah air terjun yang cukup unik, karena bukan berada di sekitar perbukitan kapur, melainkan sebuah tebing breksi yang jarang dijumpai di wilayah ini. Wisata ini menjadi salah satu tempat wisata di Blitar terbaru dan cukup hits. Lokasi wisata ini terletak di Desa Balerejo, Kecamatan Panggungrejo, Kabupaten Blitar. Di tempat ini, kalian dapat menikmati segarnya air yang cukup jernih.","Panggungrejo, Blitar, Jawa Timur",3,7
13,Wisata Alam Air Terjun Jurug Bening Blitar,"Wisata air terjun kali ini terletak di Desa Purworejo, Kecamatan Wates, Kabupaten Blitar. Air terjun di sini cukup unik karena memiliki kontur tebing air terjun yang bergelombang, sehingga air yang jatuh dari ketinggian memecah menjadi berbagai bagian. Wisata ini sangat cocok bagi kalian yang ingin menghabiskan waktu untuk berendam di aliran air yang dingin dan segar.","Purworejo, Wates, Blitar, Jawa Timur",3,5
14,Curug dan Kedung Badrun Blitar,"Masih berhubungan dengan air, kali ini kita akan menuju ke Desa Balulawang, Kecamatan Bakung, Kabupaten Blitar. Wisata baru di Blitar ini tergolong masih asri dan belum banyak dikunjungi oleh wisatawan. Di sini kalian dapat mandi di sebuah kolam yang jernih dan bersih. Sementara itu, di Curug Badun kalian akan melihat curug bertingkat dengan ketinggian sekitar 8 meter.","Tumpakoyot dan Bululawang, Bakung, Blitar, Jawa Timur",3,4
15,Air Terjun Tirto Galuh Blitar,"Air Terjun Tirto Galuh Blitar adalah air terjun yang juga mulai terkenal akhir-akhir ini. Di tempat ini, kita bisa melihat air mengalir di atas bebatuan yang berlumut namun elok dipandang mata. Akses jalan untuk sampai ke Air Terjun Tirto Galuh Blitar cukup jauh. Setelah naik motor dan memarkir motor seharga Rp2.000, Anda harus berjalan sekitar 400 meter untuk sampai di lokasi. Kalau sedang tidak beruntung, perjalanan sepanjang itu harus ditambah dengan jalanan yang becek pasca hujan.","Bakung, Blitar, Jawa Timur",3,4
16,Kampung Wisata Ekologis Puspa Jagad,"Desa Wisata ini terletak di Desa Semen, atau sekitar 35 km dari pusat Kota Blitar. Desa Wisata ini terletak di kaki Gunung Kelud, sehingga menjadikan wilayah ini memiliki iklim yang sejuk. Selain itu, Desa Wisata ini menawarkan suasana pedesaan yang masih asri, jauh dari hiruk pikuk perkotaan. Wisata ini sangat cocok bagi kalian yang ingin keluar rutinitas perkotaan.","Jl. Nanas Semen, Semen, Gandusari, Blitar, Jawa Timur",4,8
17,Tempat Wisata Alam Gua Embultuk,"Wisata alam gua ini terletak di Desa Tampakkepuh, Kecamatan Bakung, Kabupaten Blitar. Di tempat wisata ini, kalian dapat menikmati keunikan stalagmit stalaktit yang menjadi ornamen terpenting yang harus kalian lihat. Gua ini cukup terkenal dan menjadi salah satu destinasi unggulan Kabupaten Blitar, Jawa Timur. Berdasarkan kesaksian warga setempat, Gua ini pernah menjadi salah satu tempat persembunyian simpatisan Partai Komunis Indonesia (PKI).","Tumpakkepuh, Bakung, Blitar",5,4
18,Telaga Rambut Monte,"Telaga Rambut Monte merupakan salah satu andalan tempat wisata di Blitar. Wisata ini menawarkan pemandangan telaga yang sangat jernih. Selain itu, daya tarik lainnya dari telaga ini adalah bangunan candi dan tempat petilasan yang masih sering digunakan untuk ritual. Pemandangan di sekitar lokasi juga tak kalah indah, kalian akan melihat hamparan perkebunan teh serta ladang persawahan yang subur. Lokasi wisata ini terdapat di Desa Krisik, atau 30 Km dari pusat Kota Blitar.","Jl. Mastrip, Ngoran, Nglegok, Kedawung, Nglegok, Blitar, Jawa Timur",15,3
19,Wahana Wisata Water Park Sumberudel,"Wahana keluarga yang satu ini terletak sekitar 500 meter dari makan Bung Karno, tepatnya di Jalan Kali Brantas, Kelurahan Bendo. Di tempat ini, kalian dapat menikmati fasilitas wahana air, seperti kolam renang, papan seluncur, dan masih banyak lagi. Tiket masuk wisata ini cukup murah, yaitu 10.000 pada weekday, dan 15.000 pada weekend. Murah bukan?","Jl. Kalibrantas, Kepanjen Kidul, Kepanjenkidul, Kota Blitar, Jawa Timur",6,1
20,Gunung Pegat Ponggok Srengat,"Sebagai gunung, Gunung Pegat Ponggok Srengat Blitar tak setinggi semeru atau gunung-gunung yang pretensius untuk dinaiki para pendaki. Sebenarnya Gunung Ponggok sudah mulai ramai sejak tahun 2000, namun akhir-akhir ini tempat wisata ini naik kembali karena suguhan pemandangan malam yang indah dari atas gunung.","Dadaplangu, Ponggok, Blitar, Jawa Timur",16,10
21,Wisata Sejarah Candi Gambar Wetan,"Kompleks percandian ini terletak di lereng Gunung Kelud, tepatnya di tepi Sungai Bladak. Candi ini merupakan salah satu candi Hindu peninggalan Kerajaan Majapahit. Saat ini, bangunan candi hanya tersisa bagian bawahnya saja. Selain itu, candi ini juga masih menyisakan dua buah arca, serta monumen bangunan punden berundak.","Sumberasri, Nglegok, Blitar, Jawa Timur",1,3
22,Wisata Edukasi Kampung Coklat Blitar,"Wisata Edukasi ini terletak di Kabupaten Blitar, yaitu di Jl. Banteng Blorok 18 Desa Plosorejo Kademangan Blitar. Di tempat ini, pengunjung dapat menikmati berbagai olahan coklat, mulai dari ice cream, mie coklat, hingga kue coklat. Tiket masuk wisata kuliner Blitar ini cukup murah, hanya Rp. 20.000 - 35.000 saat tulisan ini dimuat. Destinasi Wisata Blitar Kampung Coklat ini menawarkan sensasi makan coklat yang tidak ada duanya.","Jl. Banteng - Blorok No. 18, Desa Plosorejo, RT. 01 / 06, Kademangan, Plosorejo, Kademangan, Blitar, Jawa Timur",9,11
23,Taman Pecut Kota Blitar,"Taman Pecut Kota Blitar terletak di pusat kota Blitar, masih satu kompleks dengan Alun-alun Blitar. Seperti namanya, tempat ini memang mempunyai patung pecut yang ikonik. Patung ini dibuat untuk menjadi simbol atas pusaka Samandiman yang dimiliki oleh Adipati Blitar. Di taman ini, Anda bisa menemukan atraksi air mancur di malam hari. Ragam polah kucuran air dipadu dengan permainan lampu membuat atraksi ini ditunggu banyak wisatawan yang tengah berkunjung di Blitar."," Jl. Merdeka, Kepanjen Lor, Kepanjenkidul, Kota Blitar, Jawa Timur",4,1
24,Sentul Green Park Blitar,"Di Sentul Green Park Blitar, Anda bisa menghabiskan waktu untuk bersantai di bawah pohon-pohon rindang di kota Blitar. Tempat ini memang dibuat agar masyarakat Blitar mempunyai kawasan yang asri dan penuh dengan pepohonan. Karena terbilang cukup baru, belum banyak orang yang tahu mengenai tempat ini. Hal tersebut ditambah karena akses menuju tempat ini agak tersembunyi, meski sebenarnya tempatnya tidak terlalu jauh dari makam Bung Karno."," Bendogerit, Sananwetan, Kota Blitar, Jawa Timur",4,12
25,Kebonrojo Blitar,"Kebonrojo Blitar adalah sebuah taman yang cocok untuk jalan-jalan bersantai bersama dengan keluarga. Berlokasi di jalan Diponegoro, tepatnya di depan SMAK Diponegoro, taman ini menyediakan wahana permainan ringan dan tanah yang lapang untuk bersantai. Selain permainan dan patung-patung, di taman ini juga terdapat tanaman dan hewan sungguhan seperti burung beo dan burung belibis.","Jl. Diponegoro No.12, Bendogerit, Sananwetan, Kota Blitar, Jawa Timur",4,12
26,Monumen Trisula,"Dibangun oleh militer dengan alasan untuk mengenang pembantaian yang terjadi pada 1 Oktober 1965, monumen ini kini sering dikunjungi oleh wisatawan. Sejarah yang kelam memang menyelimuti tempat wisata ini, namun hal itu tidak mengurangi minat para wisatawan, asing maupun domestik untuk berkunjung di lokasi ini. Monumen yang diresmikan sejak Desember 1972 ini menjadi penanda bagi warga Blitar bahwa pernah ada pembantaian manusia yang dituduh makar oleh militer Indonesia.","Jl. Trisula, Bakung, Blitar, Jawa Timur",4,4
27,Wisata Sejarah Arca Warak di Blitar,"Wisata Blitar ini merupakan situs percandian yang tidak jauh dari kawasan Candi Penataran. Lokasi wisata ini terletak di Desa Modangan, Kecamatan Nglegok, Kabupaten Blitar. Pada kawasan situs arca warak ini, juga ditemukan beberapa artefak sejarah, di antaranya Jaladwara; Kemuncak; serta Lumpang.","Modangan, Nglegok, Blitar, Jawa Timur",1,3
28,Wisata Sejarah Candi Kotes Blitar,"Objek wisata Blitar ini terletak di Desa Kotes, Kecamatan Gandusari, Kabupaten Blitar. Candi ini berdiri pada tahun 1302, dan masih memiliki keterkaitan dengan Candi Penataran. Candi ini memiliki dua kompleks bangunan, yaitu Candi I di bagian Barat, dan Candi II di bagian timur. Sama seperti candi lain di Blitar, Candi Kotes juga merupakan peninggalan kerajaan Majapahit."," Penataran, Nglegok, Blitar, Jawa Timur",1,3
29,Makam dan Kediaman Bung Karno di Blitar,"Siapa yang tidak mengenal sang proklamator negeri ini? Ya, benar sekali, beliau adalah Bung Karno. Perlu kalian tahu, Bung Karno merupakan presiden pertama Republik Indonesia, dan menjadi salah satu figur terpenting negeri ini. Beliau meninggal pada tahun 1970 dan di makamkan di Blitar. Saat ini, makam Bung Karno tidak pernah sepi dari para peziarah yang ingin menghormati jasa-jasa beliau. Apabila kalian ingin berkunjung ke tempat ini, dipersilahkan datang ke Desa Bendogerit, atau berjarak 3 km dari pusat Kota Blitar.","Sanan Wetan Jalan Sultan Agung No.59, Sananwetan, Kota Blitar, Jawa Timur",7,12
30,Alun-alun Kota Blitar,"Salah satu tempat wisata Blitar dekat stasiun adalah Alun-alun Blitar. Alun-alun ini hanya terletak kurang lebih 500an meter dari stasiun kereta api. Di tempat ini, kalian dapat menikmati wisata kuliner serta menikmati wisata Blitar malam hari. Di Alun-alun Blitar ini, terdapat berbagai fasilitas, di antaranya jogging track, serta fitness outdoor. Wisata di Kota Blitar ini merupakan alternatif lain apabila kalian tidak memiliki kesempatan untuk menjelajahi objek wisata yang lain. Tempat wisata di Blitar dekat stasiun ini sangat cocok digunakan untuk melepas penat setelah menempuh perjalanan yang panjang."," Jl. Merdeka, Kepanjen Lor, Kepanjenkidul, Kota Blitar, Jawa Timur",4,1
31,Tempat Wisata Penangkaran Rusa Maliran Blitar,"Apabila kalian ingin melihat bagaimana sekawanan rusa di sekitar Kabupaten Blitar, kami sarankan Anda untuk menuju ke Maliran, Kecamatan Ponggok, Blitar. Di tempat ini, kalian dapat menikmati sensasi memberi makan rusa, dan juga kegiatan outbound. Harga tiket masuknya adalah Rp. 10.000,-, tiket motor seharga Rp. 2.000,-, dan tiket mobil seharga Rp. 5.000,-.","Jatilengger, Ponggok, Blitar, Jawa Timur",4,10
32,Candi Sawentar,"Candi Sawentar terletak di Desa Sawentar, Kecamatan Kanigoro, Blitar, Jawa Timur. Latar belakang candi ini dapat dijelaskan berdasarkan Kitab Negarakertagama, di mana Candi Sawentar disebut juga sebagai Lwa Wentar. Bangunan candi ini merupakan kompleks percandian, dan di sekitarnya masih ditemukan sejumlah pondasi yang terbuat dari bata. Diduga candi ini didirikan pada awal berdirinya Kerajaan Majapahit.","Sawentar, Kanigoro, Blitar, Jawa Timur",1,13
33,Prasasti Munggut,"Prasasti Munggut merupakan prasasti yang terdapat di Kecamatan Wlingi, Kabupaten Blitar. Sejarah prasasti ini dapat ditemukan dalam konteks Babadan, yang merupakan kelurahan di kecamatan Wlingi, Blitar, Jawa Timur, Indonesia. Babadan terdiri dari 5 pedukuhan, yaitu Gurit, Babadan, Darungan, Duren, dan Tejo."," Jl. Semeru No.4, Babadan, Wlingi, Blitar, Jawa Timur",1,9
34,Candi Simping,"Candi yang terdapat di Desa Sumberjati, Kecamatan Kademangan, tampaknya mengalami kerusakan dan sebagian besar tidak lagi berbentuk candi. Berdasarkan informasi dari vivanews.com, candi ini merupakan perabuan Raja Majapahit, yaitu Raden Wijaya. Situs ini berdiri di areal seluas 40 x 40 meter persegi, dengan ratusan bahkan ribuan susunan batuan jenis andesit dan batu bata merah yang tidak tertata layaknya bangunan candi. Hampir semua batuan tersebut sejajar dengan tanah, dan hanya beberapa bongkahan batu besar yang tersusun membentuk bagian dari candi yang masih dapat dikenali. Kerusakan pada candi ini mungkin telah terjadi seiring berjalannya waktu dan kurangnya pemeliharaan.","Jl. Candi Simping, Sumberjati, Kademangan, Blitar, Jawa Timur",1,11
35,Candi Bacem,"Candi Bacem terletak di dusun Cungkup, desa Bacem, kecamatan Sutojayan, kabupaten Blitar, Jawa Timur. Candi ini terbuat dari batu bata dan terdiri dari dua buah candi, yaitu Candi Bacem I dengan ukuran tinggi 109 cm, panjang 310 cm, lebar 300 cm, dan Candi Bacem II dengan ukuran tinggi 110 cm, panjang 540 cm, dan lebar 500 cm. Bentuk dari kedua candi ini tidak beraturan karena susunan batu batanya sudah tidak menunjukkan profil yang jelas. Hanya tinggal susunan batu bata pada pondasinya saja, sedangkan bagian tubuh dan atap candi sudah tidak ditemukan lagi. Ini bisa menjadi ciri khas dan sejarah tersendiri dari Candi Bacem yang menjadi bagian dari warisan budaya di daerah tersebut.","Bacem, Sutojayan, Blitar, Jawa Timur",1,14
36,Candi Plumbangan,"Candi Plumbangan adalah sebuah candi yang terletak di desa Plumbangan, kecamatan Doko, kabupaten Blitar, Jawa Timur. Bangunan candi ini memiliki bentuk pintu gerbang paduraksa dengan puncak berbentuk kubus. Pintu gerbang ini terbuat dari batu andesit, dengan ukuran panjang 4.09 m, lebar 2.27 m, dan tingginya 5.6 m. Candi Plumbangan menjadi bagian dari warisan budaya di daerah tersebut, mencerminkan keindahan arsitektur dan keberagaman sejarah yang dimiliki oleh Kabupaten Blitar.","Plumbangan, Doko, Blitar, Jawa Timur",1,15
37,Candi Kalicilik,"Candi Kalicilik adalah sebuah candi Hindu yang terletak di desa Candirejo, kecamatan Ponggok, kabupaten Blitar, Jawa Timur. Bangunan candi ini terbuat dari bata merah dan memiliki denah bujur sangkar dengan ukuran 6.8 m x 6.8 m, serta tingginya 8.3 cm. Candi ini terdiri atas tiga bagian yaitu candi, tubuh candi, dan atap candi. Pintu candi menghadap ke arah barat dan di atasnya terdapat hiasan berupa kala. Candi Kalicilik merupakan salah satu peninggalan sejarah yang mencerminkan keberagaman budaya dan agama yang pernah berkembang di wilayah Kabupaten Blitar.","Candirejo, Ponggok, Blitar, Jawa Timur",1,10
38,Kolam Renang Lovina,Kolam Renang Lovina terletak di Kota Blitar. Kolam Renang Lovina bekerja di aktivitas Kolam renang umum.,"Bajang, Talun, Blitar, Jawa Timur",6,17
39,Kolam Renang Penataran,"Kolam renang selalu menjadi favorit mengisi liburan bagi banyak orang, termasuk saya dan keluarga. Meskipun tidak setiap minggu, namun kami selalu menyempatkan waktu untuk mengajak anak-anak berenang saat tidak ada acara liburan ke luar kota. Anak-anak selalu antusias dan terlihat gembira saat berenang bersama keluarga."," Jl. Raya Penataran, Penataran, Nglegok, Blitar, Jawa Timur",6,3
40,Kolam Renang Tirto Wulung,"Kolam Renang Tirto Wulung berlokasi di Desa Bendowulung, Sanankulon, Blitar. Lokasinya yang agak masuk membuat saya dan keluarga harus bertanya kepada warga sekitar untuk menemukannya. Syukurlah dengan bantuan informasi dari warga dan papan petunjuk akhirnya kami dapat menemukan lokasinya. Cukup dengan tiket masuk Rp. 4.000,- / orang kita bisa berenang sepuasnya bersama keluarga.","Bendowulung, Sanankulon, Blitar, Jawa Timur",6,18
41,Kolam Renang Tirto Agung Tambakan,"Kolam Renang Tirto Agung Tambakan di Desa Gandusari merupakan destinasi yang menyenangkan untuk berlibur bersama keluarga. Lokasinya yang strategis di desa tersebut membuatnya menjadi pilihan yang bagus untuk refreshing. Dengan fasilitas yang disediakan, seperti kolam renang yang bersih dan nyaman, kami dapat menikmati waktu berkualitas bersama orang-orang tercinta. Selain itu, suasana pedesaan di sekitar juga menambah keasrian dan kesejukan. Jika Anda mencari tempat untuk melepas penat dan bersantai, Kolam Renang Tirto Agung Tambakan bisa menjadi opsi yang menarik."," Jl. Gandusari - kedunglurah, Tambakan, Gandusari, Blitar, Jawa Timur",6,8
42,Kolam Renang Kendedes,"Terletak di Desa Sragi RT 01 RW 01 Kecamatan Talun. Untuk memasuki kolam renang ini, kita membayar kontribusi sebesar Rp 3000. Namun apabila hari libur, tiket masuk wisata tersebut menjadi Rp 4000. Dilihat dari tampak luar, kolam renang ini terlihat cukup besar. Terdapat pula klub renang yang bernama Sailfish Swimming Club yang menambah keseruan di lokasi tersebut. Bagi penggemar renang, tempat ini bisa menjadi pilihan menarik untuk beraktivitas dan bersantai bersama keluarga.","Sragi, Talun, Blitar, Jawa Timur",6,17
43,"Kolam Renang Umum""Pace Ria""","Kolam renang umum ""Pace Ria"" terletak di Kota Blitar. Tempat ini menyediakan fasilitas kolam renang umum untuk kegiatan berenang. Kolam renang umum ""Pace Ria"" merupakan pilihan yang bagus untuk menikmati kegiatan renang dan refreshing di Kota Blitar.","Suru, Doko, Blitar, Jawa Timur",6,15
44,Kolam Renang Dolpin,"Pergi ke Kolam Renang itu belum tentu harus renang. Karena pergi ke kolam renang tidak di haruskan bisa renangkan. Ouh iya sampai lupa, ini Kolam Renang yang berada di Kota Lodoyo loch. Letaknya gak jauh dari Alun-Alun Kota Lodoyo. Tepatnya di timur Koramil. Ini dia ""Kolam Renang Dolphin""."," Kalipang, Sutojayan, Blitar, Jawa Timur",6,14
45,Kolam Renang Tirta Kharisma,"""TIRTA KHARISMA"" adalah kolam renang terbaik dengan fasilitas lengkap dan standar nasional di Kota Blitar. Dengan lokasi yang masih sangat asri, tempat ini sangat nyaman untuk hiburan keluarga yang hemat dan menyenangkan. Alamatnya berada di Barat Pasar Cangkring, Desa Gembongan, Kecamatan Ponggok, Kabupaten Blitar. Tempat ini menjadi pilihan yang baik untuk menikmati kegiatan berenang dan bersantai dengan keluarga.","Gembongan, Ponggok, Blitar, Jawa Timur",6,10
46,Kolam Renang Anak-anak Bu Anik,Kolam Renang Anak-Anak BU Anik terletak di Kota Blitar. Tempat ini menyediakan fasilitas kolam renang umum untuk anak-anak. Kolam Renang Anak-Anak BU Anik merupakan destinasi yang cocok bagi keluarga yang ingin memberikan pengalaman berenang yang menyenangkan bagi anak-anak di Kota Blitar.,"Maron, Srengat, Blitar, Jawa Timur",6,19
47,Kolam Renang Popoh (Popoh Waterpark),Popoh waterpark terletak di Ds.Popoh Kecamatan Selopuro. lokasi tempat ini agak masuk ke pemukiman warga sekitar desa popoh yakni jarak dari kantor desa Popoh 300 meter ke utara sampai ketemu dengan pertigaan yang menunjuk arah menuju kolam renang. selain kolam renang tempat wisata ini kedepanya juga akan di bangun tempat untuk out bound keluarga. ,"Popoh, Selopuro, Blitar, Jawa Timur",6,20
48,Kolam Renang Asri Jaya Brongkos,Kolam Renang Asri Jaya Brongkos terletak di Kota Blitar. Tempat ini menyediakan fasilitas kolam renang umum. Kolam Renang Asri Jaya Brongkos adalah destinasi yang cocok bagi mereka yang ingin menikmati kegiatan berenang di lingkungan yang asri dan nyaman di Kota Blitar.,"Siraman, Kesamben, Blitar, Jawa Timur",6,16
49,Candi Wringin Branjang,"Candi Wringin Branjang terletak di Desa Gadungan, Kecamatan Gandusari, Kabupaten Blitar, Jawa Timur. Candi ini merupakan bagian dari kompleks situs Gadungan, berjarak sekitar 100 meter di sebelah barat dari situs Gadungan I. Dibangun dengan menggunakan batu andesit, candi ini memiliki desain yang sangat sederhana.","Gadungan, Gandusari, Blitar, Jawa Timur",1,8
50,Candi Tepas,"Candi Tepas terletak di Tepas, Kesamben, Blitar, Jawa Timur. Sayangnya, sebagian besar struktur bangunan candi ini telah mengalami kerusakan. Bagian yang masih bertahan saat ini melibatkan pondasi, kaki candi dengan ukuran panjang 11,25 meter dan lebar 7,75 meter, serta tangga naik yang menghadap ke barat.","Tepas, Kesamben, Blitar, Jawa Timur",1,16
51,Candi Rambut Monte,"Candi Rambut Monte terletak di Desa Krisik, Kecamatan Gandusari, Kabupaten Blitar, Jawa Timur. Candi ini, yang terbuat dari batu andesit, memiliki denah segi empat dengan ukuran panjang 292 cm, lebar 296 cm, dan tinggi 85 cm. Tangga naik berada di sisi barat candi. Saat ini, hanya bagian kaki dan tubuh candi yang masih bertahan, sedangkan bagian atap candi telah mengalami keruntuhan.","Krisik, Gandusari, Blitar, Jawa Timur",1,8
52,Candi Sumbernanas,"Candi Sumbernanas, juga dikenal dengan nama Candi Genengan atau Candi Puton, terletak di Desa Candirejo, Kecamatan Ponggok, Kabupaten Blitar. Candi ini menghadap ke arah barat, dengan bilik candi dalam keadaan kosong. Di atas pintu masuk bilik candi, terdapat pahatan angka 1271 Saka (1349 M).","Candirejo, Ponggok, Blitar, Jawa Timur",1,10
53,Kolam Renang Klampok,"Kolam Renang Telaga Nirmala, lebih dikenal sebagai Kolam Renang Klampok, berlokasi di Kelurahan Klampok, Kecamatan Sananwetan, Kota Blitar. Alamat tepatnya adalah Jl. Halmahera, Klampok, Sananwetan, Kota Blitar, Jawa Timur 66136. Kolam renang ini beroperasi setiap hari kecuali Rabu, di mana pada hari Rabu kolam renang akan dikuras. Jam buka kolam renang Klampok adalah antara pukul 07.00 hingga 16.30, dengan pengecualian hari Kamis yang buka mulai pukul 05.00 pagi. Tiket masuk kolam renang ini adalah 4 ribu rupiah per orang, dan biaya parkir roda dua sebesar 2 ribu rupiah, sedangkan parkir kendaraan roda empat sebesar 5 ribu rupiah. Kolam renang Klampok terbagi menjadi tiga, dengan satu kolam khusus untuk anak balita, satu kolam untuk anak-anak, dan satu kolam terbesar untuk orang dewasa. Kolam dewasa memiliki titik terdalam sekitar 150cm. Dengan harga tiket yang terjangkau, Telaga Nirmala ini sangat cocok untuk semua kalangan, baik yang sedang belajar maupun yang sudah mahir.","Jl. Halmahera No.131, Klampok, Sananwetan, Kota Blitar, Jawa Timur",6,12
54,Kranggan Kolam Renang,"Kranggan Swimming Pool adalah sebuah kolam renang atau lokasi berenang yang berlokasi di Kranggan, Pojok, Garum, Kabupaten Blitar, Jawa Timur.","Jl. Ronggowarsito, Pojok, Garum, Blitar, Jawa Timur",6,21
55,Kolam Renang Taman Air Surga (Kranggan),"Berada di Jalan Ronggowarsito, Dusun Kranggan, Desa Pojok, Kecamatan Garum. Buka hanya Jumat, Sabtu dan Minggu dari pukul 07.00 sampai 17.00 WIB dengan harga tiket Rp 5 ribu."," Pojok, Garum, Blitar, Jawa Timur",6,21
56,Kolam Renang Telaga Tirta 2,Kolam Renang Telaga Tirta 2,"Jalan Raya Tlogo - Serut No.16, Tlogo, Kanigoro, Blitar, Jawa Timur",6,13
57,Kolam Renang Khusus Wanita Dan Anak,Kolam Renang Khusus Wanita Dan Anak," Jatinom, Kanigoro, Blitar, Jawa Timur",6,13
58,Laguna Thematic Park,"Laguna Thematic Park merupakan sebuah wahana keluarga yang menyajikan pengalaman liburan dan keseruan bermain air. Saat ini, tempat ini tengah dalam masa pengembangan dan telah menyediakan dua kolam renang dan permainan anak, serta satu kolam renang besar untuk orang dewasa. Rencananya, akan ada penambahan permainan dan wahana baru di masa mendatang. Tempat ini cocok untuk keluarga yang ingin menikmati kesegaran dan kegembiraan bersama.","Jl. Banteng Blorok No.157, Rejowinangun, Kademangan, Blitar, Jawa Timur",6,11
59,Patria Plaza Hotel,"Patria Plaza Hotel merupakan pilihan yang tepat bagi para wisatawan yang berkunjung ke Blitar, menawarkan suasana yang cocok untuk keluarga dengan fasilitas yang akan menyempurnakan masa menginap. Kamar-kamar dilengkapi dengan TV layar datar, minibar, dan penyejuk udara. Wi-Fi gratis juga tersedia untuk memastikan kenyamanan dan konektivitas selama menginap. Fasilitas tambahan seperti layanan kamar, layanan concierge, dan kedai kopi turut ditawarkan oleh Patria Plaza Hotel. Para tamu dapat menikmati pilihan hidangan di restoran yang tersedia di properti. Bagi yang membawa kendaraan, tersedia tempat parkir gratis. Lokasi strategis hotel ini memudahkan akses ke beberapa restoran terkenal di sekitarnya, seperti Warung Lesehan dan Ayam Bakar Bu Mamik, Sam Bistro Blitar, dan Warung Raja Kambing. Selain itu, Museum dan Perpustakaan Bung Karno, Makam Soekarno, dan Alun Alun Blitar juga dapat dicapai dengan berjalan kaki, menambah nilai wisata bagi para tamu Patria Plaza Hotel.","Jl. Kartini No.10, Kepanjen Lor, Kepanjenkidul, Kota Blitar, Jawa Timur",8,1
60,Patria Garden Hotel,"Patria Garden Hotel, terletak di Blitar, merupakan destinasi nyaman yang hanya berjarak 5 menit berkendara dari Sumber Udel Water Park. Dikelilingi oleh taman yang asri, hotel ini menawarkan fasilitas utama, termasuk restoran dan kamar ber-AC dengan kamar mandi pribadi. Layanan meja depan 24 jam serta akses Wi-Fi gratis juga tersedia untuk kenyamanan tamu. Pemakaman Mantan Presiden Soekarno dapat dicapai dalam 10 menit berkendara dari hotel, sementara Bandara Abdul Rachman Saleh Malang dapat dicapai dalam 2 jam perjalanan. Fasilitas sederhana, seperti lemari dan TV satelit, melengkapi kamar berperabot simpel. Kamar mandi dalamnya dilengkapi dengan fasilitas shower dan perlengkapan mandi gratis. Patria Garden Hotel juga menyediakan kafe dan taman bermain anak-anak. Layanan tambahan, seperti penyewaan mobil dan binatu, tersedia dengan biaya tambahan. Tamu dapat menikmati kenyamanan membaca koran atau menitipkan bagasi di lobi. Tempat parkir gratis juga disediakan bagi para tamu yang membawa kendaraan.","Jalan Batanghari, Dimoro, Sukorejo, Kota Blitar, Jawa Timur ",8,2
61,Patria Palace Hotel,"Patria Palace Hotel, terletak di daerah bersejarah Blitar, menjadi pilihan akomodasi yang nyaman dengan lokasi strategis, hanya 3 menit berjalan kaki dari stasiun pusat kota. Hotel ini menawarkan layanan resepsionis 24 jam dan restoran internal. Setiap kamar ber-AC dilengkapi dengan kamar mandi pribadi, serta menyediakan fasilitas Wi-Fi gratis di seluruh area hotel. Tempat wisata menarik, seperti makam mantan Presiden Indonesia Soekarno, dapat dijangkau dengan mudah, sekitar 15 menit naik becak dari Patria Palace. Bandara Abdul Rachman Saleh di Malang dapat dicapai dalam waktu 2 jam berkendara, dengan layanan penjemputan bandara tersedia dengan biaya tambahan. Kamar dengan desain lantai ubin ini menawarkan kenyamanan dengan fasilitas seperti minibar, kulkas, dan TV satelit. Kamar mandi dilengkapi dengan shower, handuk, dan peralatan mandi gratis. Hotel ini juga menyediakan berbagai fasilitas tambahan, termasuk kafe, lounge, dan ruang rapat. Layanan lainnya meliputi menyetrika, binatu, serta layanan kamar. Fasilitas parkir gratis dan taman yang indah juga dapat dinikmati oleh para tamu.","Jalan Mastrip No.56, Kepanjen Kidul, Kota Blitar, Jawa Timur",8,1
62,Hotel Tugu Blitar,"Hotel Tugu Blitar, yang memiliki sejarah yang tak tertandingi, merupakan pilihan terbaik untuk menginap dan menikmati kuliner di Blitar, Jawa Timur. Terletak di dalam bangunan kolonial yang berdiri sejak tahun 1850-an, hotel ini sebelumnya dimiliki oleh keluarga terkemuka di Blitar. Setelah Perang Dunia II, hotel ini dikenal sebagai Hotel Centrum, dan beberapa tahun kemudian berganti nama menjadi Hotel Sri Lestari, sebelum akhirnya dikenal sebagai Tugu - Sri Lestari.","Jalan Merdeka No.173, Kepanjen Kidul, Kota Blitar, Jawa Timur",8,1
63,Grand Mansion Hotel Blitar,"Grand Mansion Hotel, yang terletak di pusat kota Blitar, menyediakan akomodasi yang nyaman bagi pengusaha dan keluarga. Hotel ini merupakan tempat yang representatif untuk istirahat dan berbagai kegiatan seperti seminar, pernikahan, pesta ulang tahun, dan sebagainya. Dengan berbagai fasilitas dan sarana hiburan, Grand Mansion Hotel menawarkan pengalaman menginap yang memuaskan. Terdapat 90 kamar yang bervariasi, mulai dari Kemuning (Standard), Mawar (Superior), Flamboyan (dengan garasi), Bougenville (dengan garasi), Melati Deluxe, Mansion Suite, hingga President Suite. Selain itu, tersedia One-Stop Entertainment, termasuk Family Karaoke, Cafe, Live Music, Electone Performance, serta restoran dengan menu pilihan berkualitas tinggi.","Jl. Melati No.90, Kepanjenkidul, Kota Blitar, Jawa Timur",8,1
64,Hotel Blitar Indah,"Tarif menginap di Hotel Blitar Indah per malamnya berkisar mulai dari Rp 70 ribu. Beberapa orang yang pernah menginap di Hotel Blitar Indah mengungkapkan bahwa penginapan low budget ini memiliki pelayanan dan kebersihan kamar yang cukup baik, sesuai dengan tarifnya.","Jalan Jendral A. Yani No 62, Sananwetan, Kota Blitar, Jawa Timur",8,12
65,Hotel Gita Puri,"Hotel Gita Puri Blitar merupakan salah satu hotel murah di Blitar yang terletak di Jalan Letjen Suprapto 97-99, Blitar, dengan nomor telepon (0342) 812886. Hotel ini termasuk dalam daftar hotel murah di Blitar. Informasi yang tersedia meliputi alamat hotel, nomor telepon, peta lokasi, serta harga atau tarif Hotel Gita Puri Blitar","Jalan Cemara no.555,557,559, Plosoarang, Sanankulon, Blitar, Jawa Timur",8,1
66,Hotel Herlingga Jaya,"Hotel Ini Berada di Jalan Jaksa Agung Suprapto 49, Blitar dengan nomor telpon (0342) 806324. Halaman Hotel Herlingga Jaya Blitar ini berisi informasi seputar Hotel Herlingga Jaya Blitar seperti Alamat Hotel, No Tlp, Peta Lokasi Hotel Herlingga Jaya, serta Harga/Tarif Hotel Herlingga Jaya Blita"," Jl. S. Supriadi No.107, Bendogerit, Sananwetan, Kota Blitar, Jawa Timur",8,12
67,Hotel Maerokoco,"Hotel Maerokoco Blitar merupakan salah satu hotel murah di Blitar yang terletak di Jalan Dr. Moh. Hatta no. 3, Blitar, dengan nomor telepon (0342) 801427. Hotel ini termasuk dalam daftar hotel murah di Blitar. Informasi yang tersedia meliputi alamat hotel, nomor telepon, peta lokasi, serta harga atau tarif Hotel Maerokoco Blitar","Jl. Dr. Moh. Hatta No.3, Sentul, Kepanjenkidul, Kota Blitar, Jawa Timur",8,1
68,Hotel Maya,"Hotel Maya Blitar adalah salah satu hotel murah di Blitar yang terletak di Jalan Dr. Sucipto 43, Wlingi, Blitar 66184, dengan nomor telepon (0342) 691461. Hotel ini termasuk dalam daftar hotel murah di Blitar. Informasi yang tersedia meliputi alamat hotel, nomor telepon, peta lokasi, serta harga atau tarif Hotel Maya Blitar."," Jl. Dokter Sucipto No.43, Beru, Wlingi, Blitar, Jawa Timur",8,9
69,Hotel Puri Perdana,"Hotel Puri Perdana Blitar adalah salah satu hotel murah di Blitar yang terletak di Jalan Anjasmoro 78, Blitar, dengan nomor telepon (0342) 815674. Hotel ini termasuk dalam daftar hotel murah di Blitar. Informasi yang tersedia meliputi alamat hotel, nomor telepon, peta lokasi, serta harga atau tarif Hotel Puri Perdana Blitar","Jl. Anjasmoro No.78, Kepanjen Lor, Kepanjenkidul, Kota Blitar, Jawa Timur",8,1
70,Hotel Santoso,"Hotel Santoso I Blitar adalah salah satu hotel murah di Blitar yang terletak di Jalan Menur 1-2, Blitar, dengan nomor telepon (0342) 802033. Hotel ini termasuk dalam daftar hotel murah di Blitar. Informasi yang tersedia meliputi alamat hotel, nomor telepon, peta lokasi, serta harga atau tarif Hotel Santoso I Blitar.","Jl. Menur, Sukorejo, Kota Blitar, Jawa Timur",8,2
71,Hotel Sapta Mandala,"Hotel Sapta Mandala Blitar adalah salah satu hotel murah di Blitar yang terletak di Jalan Slamet Riyadi 31, Blitar, dengan nomor telepon (0342) 804593. Hotel ini termasuk dalam daftar hotel murah di Blitar. Informasi yang tersedia mencakup alamat hotel, nomor telepon, peta lokasi, serta harga atau tarif Hotel Sapta Mandala Blitar.","Jl. Ir. Soekarno No. 77, Sentul, Kepanjenkidul, Sentul, Kepanjenkidul, Kota Blitar, Jawa Timur",8,1
72,Hotel Sri Rejeki,"Hotel Sri Rejeki Blitar adalah salah satu hotel murah di Blitar yang terletak di Jalan TGP 13-15, Blitar, dengan nomor telepon (0342) 801770. Hotel ini termasuk dalam daftar hotel murah di Blitar. Informasi yang tersedia mencakup alamat hotel, nomor telepon, peta lokasi, serta harga atau tarif Hotel Sri Rejeki Blitar"," Jl. TGP, Kepanjen Kidul, Kepanjenkidul, Kota Blitar, Jawa Timur",8,1
73,Hotel Tugu Sri Lestari,"Hotel Tugu Sri Lestari Blitar adalah salah satu hotel di Blitar yang berlokasi di Jalan Merdeka No 173, Blitar, dengan nomor telepon (0342) 801766. Hotel ini menyediakan layanan akomodasi dengan fasilitas dan kenyamanan yang sesuai. Jika Anda membutuhkan informasi lebih lanjut, Anda dapat menghubungi nomor telepon yang tertera.","Jl. Ir. Soekarno No. 77, Sentul, Kepanjenkidul, Sentul, Kepanjenkidul, Kota Blitar, Jawa Timur",8,1
74,Pantain Keben,"Pantai Keben, salah satu pantai yang memikat dengan keindahannya, sayangnya belum dapat dinikmati dengan mudah. Akses sulit menjadi kendala utama bagi mereka yang berkeinginan menikmati kecantikan pantai ini. Rute perjalanan menuju Pantai Keben dimulai dari Lodoyo, kemudian melanjutkan ke selatan melewati hutan jati hingga mencapai pasar Ngeni.","Ngadipuro, Wonotirto, Blitar, Jawa Timur",2,6
75,Pantai Pasur,"Blitar, dengan letaknya di pesisir selatan, menyajikan beragam pantai yang menarik untuk dikunjungi. Saat ini, setidaknya ada empat pantai yang telah diresmikan sebagai tempat wisata, termasuk Pantai Tambak Rejo, Pantai Serang, Pantai Pangi, dan Pantai Jolosutro. Selain itu, mblitar.net juga berbagi informasi tentang Pantai Pasur, sebuah destinasi menarik meski belum secara resmi diakui sebagai tempat wisata."," Bululawang, Bakung, Blitar, Jawa Timur",2,4
76,Pantai Gayasan,"Pantai Gayasan, terletak di Desa Tumpak Kepuh, Kecamatan Bakung, Kabupaten Blitar, menawarkan keindahan pesona pasir putih dan pemandangan alam yang memukau. Pantai ini berada di antara Pantai Tambakrejo dan Pantai Pangi, menjadikannya destinasi wisata yang ideal untuk menikmati liburan bersama keluarga. Lokasinya dibelakang hutan gayasan atau ""alas"" gayasan, yang kini ditanami tebu oleh masyarakat sekitar. Oleh karena itu, pantai Gayasan jarang terlihat, namun deruan ombaknya dapat terdengar hingga tiga kilometer dari bibir pantai, menambah pesonanya.","Tumpakkepuh, Bakung, Blitar, Jawa Timur",2,4
77,Pantai Pudak,"Pantai Pudak memukau dengan laut yang masih biru dan jernih, serta keindahan pasir pucat kecokelatan yang lembut di bawah kaki. Pantai ini menawarkan ketenangan dengan ombak kecil yang menyegarkan, sementara pulau-pulau kecil dan tebing karang eksotis memperkaya panorama lautan yang luas. Pantai Pudak masih sepi pengunjung, menciptakan suasana yang sempurna untuk pelarian pikiran sejenak. Aroma laut dan semilir angin melengkapi keindahan Pantai Pudak sebagai tempat yang menenangkan.","Ngadipuro, Wonotirto, Blitar, Jawa Timur",2,6
78,Pantai Jebring,"Pantai Jebring di Ngadipuro, Blitar Selatan, menawarkan pesona unik dengan pasir hitamnya yang indah, meninggalkan jejak dari masa ketika pantai ini digunakan sebagai tambang biji besi. Meskipun belum diresmikan sebagai objek wisata, pantai ini menyajikan keindahan alam yang tenang dan alami. Akses jalan yang telah dibangun dari bekas tambang membuatnya lebih mudah dijangkau oleh kendaraan roda dua, meskipun jalanan bebatuan dan tanah bisa menjadi tantangan. Pantai ini memberikan pengalaman eksklusif dengan suasana sepi dan keindahan pesisir yang menawan, meski pengunjung disarankan untuk membawa bekal sendiri karena minimnya fasilitas di sekitar area pantai.","Ngadipuro, Wonotirto, Blitar, Jawa Timur",2,6
79,Pantai Banteng Mati,"Pantai Banteng Mati, yang berlokasi tidak jauh dari Pantai Tambakrejo Blitar, dapat diakses dengan mengikuti arah ke Pantai Pasir Putih (Pasetran Gondo Mayit) dari pertigaan Masjid Tambakrejo. Perjalanan selanjutnya menuju Desa Sidorejo, Kecamatan Wonotirto, Kabupaten Blitar. Secara administratif, Pantai Banteng Mati berada di wilayah tersebut. Dengan lokasinya yang strategis, pantai ini menawarkan alternatif menarik untuk dinikmati oleh para pengunjung.","Gn. Gede, Wonotirto, Blitar, Jawa Timur",2,6
80,Pantai Bukit Indah,"Pantai yang terletak di wilayah pesisir selatan Kabupaten Blitar, tepatnya di Desa Panggungpucung, lebih populer dikenal dengan sebutan Pantai Bukit Indah karena letak pantainya yang berada di atas bukit, dan kata ""indah"" merujuk pada panorama di sekitar pantai yang memang sangat memikat. Beberapa orang juga menyebutnya dengan nama Pantai Banyu Biru. Salah satu daya tarik utamanya adalah air terjun yang terletak di sebelah pantai. Air yang mengucur dari ketinggian, terkena sinar matahari, menciptakan kilauan yang memukau, menambah pesona keindahan pantai ini.","Kaligambir, Panggungrejo, Kab. Blitar",2,7
81,Pantai Sumur Gemuling,"Pantai Gemuling menjadi pilihan yang tepat, meskipun awalnya tidak direncanakan. Awalnya, kami berencana untuk pergi ke Pantai Banteng Mati, tetapi penduduk sekitar memberi tahu bahwa jalannya sulit dilalui karena hujan. Akhirnya, kami memutuskan untuk mengunjungi Pantai Gemuling, yang terletak di pesisir barat Tambak Rejo. Secara geografis, pantai ini berada di Desa Tambakrejo, Kecamatan Wonotirto, Blitar Selatan. Pantai ini memiliki karakteristik yang bersih dan airnya sangat jernih, sebagaimana halnya dengan Pantai Gondo Mayit dan Tambak Rejo yang berada di sebelah timur. Sayangnya, ada sedikit bau amis, mungkin disebabkan oleh keberadaan ikan. Pantai ini juga memiliki banyak karang dan terdapat Goa Gemuling di dekatnya. Di sisi timur, pasir pantainya sangat halus dan dipisahkan oleh aliran sungai antara dermaga dan Pantai Gemuling."," Tambakrejo, Wonotirto, Blitar, Jawa Timur",2,6
82,Ayam Bakar Bu Mamik,"Tempat wisata kuliner di Blitar selanjutnya yang akan kita bahas adalah Ayam Bakar Bu Mamik. Tempat makan ini sangat populer di kalangan para pencinta kuliner di Blitar. Beberapa menu andalannya yang bisa Anda cicipi di sini antara lain Ayam Bakar khas Ayam Bakar Bu Mamik, Sup Buntut, dan Gurame Bakar Madu."," Jl. Kalimantan No. 11A, Sananwetan, Kota Blitar, Jawa Timur",9,12
83,Warung Mak Ti,"Tempat wisata kuliner di Blitar selanjutnya adalah Warung Mak Ti, sebuah tempat makan yang dianggap paling enak di Kota Blitar. Warung ini mengusung konsep prasmanan, memungkinkan para pengunjung memilih makanan sesuai dengan selera mereka tanpa segan. Di Warung Mak Ti, Anda dapat mengambil sayuran, lauk pauk, dan nasi sesuai dengan keinginan Anda.","Desa Jatinom RT 03 / RW 03, Kec. Kanigoro, Jatinom, Kanigoro, Blitar, Jawa Timur",9,13
84,Warung Tewel Mbah Martumi,"Tempat wisata kuliner selanjutnya di Blitar adalah Warung Tewel Mbah Martumi, dinamai sesuai dengan pendirinya. Warung ini terkenal dengan sajian sayur tewel yang memiliki cita rasa khas dan dapat menggoyang lidah Anda. Jika Anda menyukai rasa pedas, Warung Tewel Mbah Martumi adalah tempat yang sempurna untuk dikunjungi.","Jalan Mastrip No 5, Desa Ngoran, Kecamatan Nglegok, Ngoran, Nglegok, Blitar, Jawa Timur",9,3
85,Es Mini,"Tempat wisata kuliner selanjutnya di Blitar adalah Es Mini, sebuah destinasi yang telah populer di kota ini. Es Mini menawarkan beragam varian es yang dapat memanjakan lidah Anda. Beberapa pilihan es yang tersedia meliputi es rumput laut, es kopyor, es aneka jus, es gula asem, dan masih banyak lagi. Jangan lewatkan kesempatan untuk menikmati berbagai jenis es yang menyegarkan tenggorokan di Es Mini ini.","Jl. Doktor Wahidin No. 14A, Kepanjen Lor, Kepanjenkidul, Kota Blitar, Jawa Timur",9,1
86,Soto Daging Bok Ireng Blitar,"Salah satu tempat wisata kuliner menarik di Blitar adalah Soto Daging Bok Ireng. Tempat ini menjadi favorit banyak orang karena menyajikan soto dengan menu yang sangat spesial. Dibuka mulai jam 8 pagi, Soto Daging Bok Ireng Blitar menutup layanannya hingga jam 2 siang. Jangan lewatkan kesempatan untuk mencicipi kelezatan soto istimewa di tempat ini!","Jalan Kelud, Kepanjen Lor, Kepanjenkidul, Kota Blitar, Jawa Timur",9,1
87,Warung Pecel Mbok Bari 6,"Warung Pecel Mbok Bari 6 adalah destinasi kuliner terkemuka di Blitar. Tempat ini terkenal karena menyajikan pecel nikmat yang sudah banyak orang mengakuinya. Menariknya, tidak hanya warga lokal Blitar yang menikmati sajian pecel di Warung Pecel Mbok Bari 6, tetapi juga banyak wisatawan asing yang turut menikmati kelezatan pecel di tempat ini. Suasana yang ramah dan cita rasa pecel yang istimewa membuat Warung Pecel Mbok Bari 6 menjadi pilihan favorit di kalangan penggemar kuliner.","Jalan Ir. Soekarno No.93, Sentul, Kepanjenkidul, Kota Blitar, Jawa Timur",9,1
88,Ikan Uceng di Warung Barokah Pak Sabar,"Ikan Uceng di Warung Barokah Pak Sabar adalah destinasi kuliner terkenal di Blitar. Tempat ini menawarkan beragam menu lezat, termasuk Ayam Penyet, Kare Ayam, Sayur Uceng, Lele, Ayam Panggang, Lele Penyet, Nasi Campur, dan masih banyak lagi. Dengan suasana yang nyaman dan pelayanan yang ramah, Ikan Uceng di Warung Barokah Pak Sabar menjadi tempat favorit para penggemar kuliner. Kesempatan untuk menikmati berbagai hidangan lezat membuat tempat ini menjadi pilihan yang sangat disukai oleh pengunjung lokal maupun wisatawan yang berkunjung ke Blitar."," Jl. Semeru No.24, Babadan, Wlingi, Blitar, Jawa Timur",9,9
89,Lesehan President Resto,"Lesehan President Resto merupakan destinasi kuliner yang populer di Blitar. Tempat ini menggoda selera dengan menyajikan berbagai masakan lezat seperti Ayam Masak Pedas, Ayam Rica-Rica, Ayam Mentega, Gurame Bakar, Ayam Asam Manis, Mie Goreng, dan Cap Cay Kuah. Menu-menu enak ini memberikan pengalaman kuliner yang memuaskan bagi pengunjung, baik lokal maupun wisatawan. Suasana lesehan yang nyaman dan pelayanan yang ramah menambah daya tarik tempat ini sebagai tempat makan yang menyenangkan untuk dinikmati bersama keluarga.","Jl. Dr. Wahidin No.91, Sentul, Kepanjenkidul, Kota Blitar, Jawa Timur",9,1
90,Pass Pedas Kuliner,"Menu baru yang kekinian kini hadir di Pass Pedas Kuliner! Ajak keluarga, teman-teman, dan nikmati pengalaman makan yang seru di sini. Suasana yang ramai dan porsi makanan yang cukup besar membuat Pass Pedas Kuliner menjadi tempat ideal untuk nongkrong bersama. Yuk, rasakan sensasi kelezatan dan keceriaan bersama-sama di sini!"," Jl. Ciliwung, Tanggung, Kepanjenkidul, Kota Blitar, Jawa Timur",9,1
91,Griya Kuliner,"Griya Kuliner bisa menjadi referensi utama bagi Anda para pecinta kuliner internasional yang tengah berkunjung ke Kota Blitar. Terletak di deretan ruko Jalan Wahidin yang berada di lokasi strategis di pusat Kota Blitar, restoran yang mengusung konsep 'Thai and Chinese Food' modern ini layak dijadikan tujuan wisata kuliner dengan sensasi asam manis dan pedas ala Thailand, dipadukan dengan menu Chinese Food yang dimodifikasi."," Jl. Kelud, Kepanjen Lor, Kepanjenkidul, Kota Blitar, Jawa Timur",9,1
92,Wisata Kuliner Sate Tahu Langgeng,"Ketika mendengar kata sate, tentu dalam benak kita yang terlintas adalah makanan dari daging ayam atau kambing yang penyajiannya dengan cara ditusuk dan dibakar. Selain itu, banyak pula yang memikirkan kadar kolesterol tinggi untuk sate kambing.","Jalan Jendral Sudirman Kota Blitar (Depan Polres Blitar) No. 14/11 Blitar., RT.03; RW.01, Kepanjen Lor, Kepanjenkidul, Kota Blitar, Jawa Timur",9,1
93,Pusat Oleh-Oleh Khas Blitar,"Pergi liburan merupakan salah satu hiburan yang sangat patut untuk dilakukan agar bisa membuat diri Anda segar, dan mood pun bisa kembali baik. Sebelum berangkat, pasti ada saudara atau kerabat kita yang ingin dibelikan oleh-oleh khas daerah atau tempat yang akan Anda kunjungi. Oleh-oleh tersebut tentunya suatu hal yang unik dan merupakan ciri khas daerah yang akan Anda kunjungi. Jika ingin mencoba suatu hal yang unik dan sudah menjadi ciri khas daerah yang akan dijadikan oleh-oleh, di Indonesia sendiri memiliki banyak sekali daerah-daerah yang memiliki keunikan dan ciri khas dari daerah tersebut. Salah satu daerah yang memiliki keunikan dan ciri khas mulai dari makanan, souvenir, dan juga kerajinan tangan yang unik dan patut untuk dijadikan oleh-oleh adalah di Blitar, provinsi Jawa Timur.","Jl. Raya Mastrip, Srengat, Blitar, Jawa Timur",11,19
94,Cita Rasa Oleh Oleh Khas Blitar,"Blitar, kota proklamasi, memegang posisi penting sebagai tempat kelahiran dan persemayaman Bapak Proklamator Republik Indonesia. Selain menjadi identitas nasional dengan sejarah yang kaya, Blitar juga dikenal akan kekayaan wisata kuliner yang beragam, menjadi destinasi yang menarik untuk menjelajahi aneka cita rasa Indonesia.","Jl. Masjid No.44, Rejowinangun, Kademangan, Blitar, Jawa Timur",11,11
95,Cakron Souvenir,"Cakron Souvenir adalah tempat yang menyediakan berbagai barang, termasuk dakron, dengan kualitas terbaik. Mereka juga spesialis dalam pembuatan produk seperti gantungan, bantal, dan lainnya.","Jl. Sudanco Supriyadi No.27, Bendogerit, Sananwetan, Kota Blitar, Jawa Timur",11,12
96,Pusat Oleh-oleh Amanah,"Cakron Souvenir adalah tempat yang menyediakan berbagai barang, termasuk dakron, dengan kualitas terbaik. Mereka juga spesialis dalam pembuatan produk seperti gantungan, bantal, dan lainnya.","Jl. Veteran No.201, Plosokerep, Kec. Sananwetan, Kota Blitar, Jawa Timur",11,12
97,Batik Khas Blitar - Santo,Batik khas Blitar terletak di sananwetan kota Blitar,"Jl. Timor No.68, Sananwetan, Kota Blitar, Jawa Timur",11,12
98,Batik Khas Blitar Elysabeth,"Secara kualitas dan mutu, kain batik yang dihasilkan oleh masyarakat Blitar secara keseluruhan tidak kalah bagus dengan batik tulis dari daerah lain. Batik Blitar sendiri umumnya memiliki kekhasan corak tersendiri yang berbeda satu sama lain, baik dari segi motif, ragam hias, dan juga warnanya yang disesuaikan dengan sumber daya alam dan lingkungan yang ada di daerah tersebut.","Jl. Tj. No.24, Pakunden, Sukorejo, Kota Blitar, Jawa Timur",11,2
99,Es Pleret Khas Blitar,"Resep Es Pleret Khas Kota Blitar Paling Segar  Es Pleret adalah sebuah minuman dingin yang sangat menyegarkan ketika Anda sedang dalam suasana panas atau saat lelah. Minuman ini sudah sangat terkenal di beberapa daerah yang dekat dengan Kota Blitar. Pembuatan Es Blitar ini bermula dari banyaknya permintaan orang untuk menyajikan resep minuman yang sangat segar dan nikmat. Oleh karena itu, dibuatlah resep Es Pleret yang sangat segar dan nikmat","Jl. Kenanga, Kepanjen Kidul, Kepanjenkidul, Kota Blitar, Jawa Timur ",11,1
100,Nasionalism,"""Nationalism"" merupakan pusat oleh-oleh khas Blitar yang menawarkan berbagai produk seperti kaos khas Blitar, jajanan, dan kerajinan asli dari kota proklamator ini. Tempat ini menjadi destinasi yang menarik untuk mendapatkan barang-barang berkesan dari Blitar.","Jl. Tanjung No.54, Sanan Kulon, Pakunden,  Sukorejo, Kota Blitar, Jawa Timur",11,2
101,Bukit Lengkeh Gunung Pegat,"""Wisata Lengkeh Gunung Pegat"" secara administratif terletak di wilayah Desa Kawedusan, Kecamatan Ponggok, Kabupaten Blitar. Obyek wisata ini juga dikenal sebagai tempat paralayang yang sering digunakan oleh para pecinta olahraga paralayang di Blitar untuk lepas landas. Pintu masuk wisata Gunung Pegat terletak di lembah antara Gunung Pegat timur dan Gunung Pegat barat, yang dikenal sebagai Lengkeh oleh warga setempat. Dahulu, kawasan Lengkeh ini dihiasi mitos bahwa pasangan suami istri yang melintasinya akan mengalami perceraian, atau dalam bahasa Jawa disebut 'pegatan'.","Kawedusan, Ponggok, Kabupaten Blitar, Jawa Timur",12,10
102,Bukit Bonsai Watu Lawang,"""Bukit Bonsai Watu Lawang, dikenal juga sebagai Tumpakwaru atau Bukit Suharto, memiliki sejarah yang kaya. Awalnya dikenal sebagai Bukit Suharto setelah peresmian Moumen KNPI oleh Presiden Suharto pada tahun 1989. Di masa lalu, bukit ini pernah menjadi lokasi pembangunan megah untuk Presiden Suharto, namun kemudian terbengkalai. Setelah beberapa waktu, bukit ini kembali hidup dengan nama baru, Bukit Bonsai Watu Lawang. Bukit yang awalnya gersang kini telah dikembangkan menjadi salah satu destinasi wisata yang menarik. Photo booth unik dengan berbagai bentuk seperti perahu, bulan sabit, dan banyak lagi, menghiasi berbagai sudut bukit ini. Fasilitas pendukung seperti kantin dan toilet juga tersedia di kawasan ini. Bukit Watu Lawang diresmikan pada 3 Desember 2017, dan terletak di Desa Sumberjati, Kademangan, Kabupaten Blitar. Lokasinya tidak terlalu jauh dari Candi Simping. Rute menuju Watu Lawang dapat diakses melalui perjalanan dari Blitar menuju Kademangan, kemudian mengikuti arah ke Pantai Tambakrejo. Setelah sampai di pertigaan SPBU Sumberjati, belok kiri, dan di pertigaan di timur Candi Simping, belok kanan, ikuti jalanan menanjak, dan Watu Lawang akan terletak di sebelah kiri jalan.""","Sumberjati, Kademangan, Kabupaten Blitar, Jawa Timur",12,11
103,Bukit Teletubbies (Gardu Pandang),"""Gardu Pandang Sumberasri, terletak di puncak bukit sekitar Perkebunan Gambar, berada di sisi barat Gunung Kelud. Lokasinya secara administratif termasuk dalam wilayah Desa Sumberasri, Kecamatan Nglegok, Kabupaten Blitar, dengan jarak sekitar 21 km dari Kota Blitar. Rute perjalanan menuju Gardu Pandang Sumberasri dapat ditempuh melalui jalur Blitar - Nglegok - Kawasan Wisata Candi Penataran - Desa Kedawung - Desa Sumberasri - Tugu Garuda di pertigaan Sumberasri, lalu belok kanan mengikuti jalan hingga mencapai lokasi Gardu Pandang. Rute ini lebih aman meskipun memutar, dengan kondisi jalan yang cukup ramai oleh truk pasir. Terdapat juga rute lebih pendek namun lebih berbahaya dan tidak disarankan saat cuaca buruk. Rute pendek tersebut melibatkan jalur Blitar - Nglegok - Pertigaan sebelum Kawasan Wisata Candi Penataran, belok kanan menuju Dam Kali Bladak, melewati Perkebunan Gambar, dan sampai di Gardu Pandang. Perlu diperhatikan bahwa Dam Bladak merupakan zona berbahaya dan tidak disarankan untuk dilalui saat cuaca buruk karena rawan terdampak lahar dingin Gunung Kelud.""","Sumberasri, Kec. Nglegok, Kabupaten Blitar, Jawa Timur",12,3
104,Hutan Pinus Gogoniti,"""Wisata Hutan Pinus Lereng Gogoniti, atau lebih dikenal sebagai Wisata Gogoniti, secara administratif terletak di Gunung Gogoniti, Desa Kemirigede, Kecamatan Kesamben, Kabupaten Blitar. Sejalan dengan namanya, obyek wisata ini menawarkan suasana hutan pinus yang menyejukkan. Selain keindahan alamnya, Wisata Gogoniti juga menawarkan sejumlah spot menarik, termasuk gapura selamat datang yang ikonik, hammock dan tempat duduk yang tersebar di antara pepohonan pinus, rumah pohon, serta beberapa kedai makanan. Wisata Gogoniti menjadi pilihan yang sangat direkomendasikan sebagai tempat ngadem yang menyegarkan.""","Kemirigede, Kec. Kesamben, Kabupaten Blitar, Jawa Timur",12,16
105,Kaloka,"Wisata KALOKA, singkatan dari Kraton Alas Lodoyo Kaulon, terletak di pinggiran hulu Bendungan Wlingi Raya. Sebelum dijadikan destinasi wisata, kawasan Kaulon dikenal oleh para traveler sebagai jalur alternatif menuju Pantai Jolosutro. Pemandangan di hutan ini memukau, dengan pepohonan yang teratur menyusun coridor alami bak terowongan. Rutenya menuju wisata KALOKA cukup mudah, melalui Kota Blitar menuju Pendopo Kanigoro, kemudian belok kanan (ke Selatan) di perempatan Kanigoro, lalu belok kiri (ke Timur) di pertigaan setelah Jembatan Kali Brantas. Ikuti jalan tersebut hingga masuk ke kawasan hutan Kaulon, dan Wisata KALOKA akan terlihat di sebelah kiri jalan.","Desa Kaulon, RT 1/ RW 1, Kec. Sutojayan, Kaulon, Kec. Sutojayan, Kabupaten Blitar, Jawa Timur",4,14
106,Puncak Kejora,"Puncak Kejora, sebuah wana wisata dengan view deck, terletak dekat dengan Wisata Agro Sirah Kencong. Bahkan, view deck Bintang, yang menjadi spot andalan di tempat ini, dapat terlihat dengan jelas dari jalur menuju Sirah Kencong. Kawasan Puncak Kejora memiliki tiga view deck yang telah dan akan dikembangkan, yaitu view deck Bintang, view deck Gunung Buthak, dan view deck Gunung Kelud (sedang dalam pengembangan). Setiap view deck menawarkan pemandangan yang berbeda. View deck Buthak dan Kelud menghadap ke Puncak Buthak dan Kelud, sementara view deck Bintang menghadap ke dataran rendah. Dari antara semua view deck, view deck Bintang menampilkan pemandangan luas, memungkinkan para wisatawan melihat deretan gunung di selatan Pegunungan Kawi, termasuk Gunung Gogoniti, Gunung Bathok, Gunung Kajang (Pagergunung), hingga Gunung Kidul yang menjadi batas pulau Jawa dengan mahasamudera.","Ngadirenggo, Kec. Wlingi, Kabupaten Blitar, Jawa Timur",12,9
107,Telaga Pacuh,"Wisata Alam Paco, sebuah destinasi wisata yang berupa telaga alami, terletak di antara rerimbunan pohon karet bolu raksasa. Awalnya, kawasan ini digunakan sebagai tempat tampungan air irigasi, tetapi karena suasana dan panorama yang menjanjikan, Wisata Alam Paco menjadi tujuan wisata yang menarik. Secara administratif, wisata ini berlokasi di Desa Panataran, Kecamatan Nglegok, Kabupaten Blitar. Lokasinya yang strategis, di antara Kawasan Wisata Candi Penataran dan Candi Gambar Wetan, serta berada di pinggir jalur alternatif Blitar menuju Obyek Wisata Gunung Kelud Kediri, membuatnya mudah diakses. Secara umum, rute menuju Wisata Alam Paco adalah dari Blitar ke Nglegok, lalu pertigaan sebelum pintu masuk Kawasan Wisata Penataran belok kanan (ke arah Perkebunan Candi Sewu), dan Wisata Alam Paco terletak di sebelah kiri jalan.","Pacuh, Penataran, Kec. Nglegok, Kabupaten Blitar, Jawa Timur",12,3
108,Taman Negeri Dongeng,"Negeri dongeng merupakan wahana wisata yang berisikan miniatur landmark terkenal dari berbagai negara, seperti Menara Eiffel, Patung Liberty, Candi Borobudur, dll.","Kawedusan, Kec. Ponggok, Kabupaten Blitar, Jawa Timur",4,10
109,KWE Puspa Jagad,"Kampung yang terletak di Semen, Gandusari, Blitar, Jawa Timur ini memang memiliki keindahan yang luar biasa. Bagi kamu yang ingin berlibur bersama keluarga namun masih bingung ingin pergi ke tempat wisata seperti apa, coba deh berkunjung ke kampung wisata yang satu ini. Dan tempat wisata ini cocok banget untuk berkumpulnya keluarga. Kampung Wisata Ekologis Puspa Jagad ini memang memiliki keindahan yang sangat luar biasa dan memiliki fasilitas yang cukup lengkap, disini kamu bisa berkumpul ria bersama keluarga dan juga bisa mencoba segala wahana yang ada di dalam Kampung Wisata Ekologis Puspa Jagad ini, bagi kamu yang penasaran, langsung aja deh pergi kesana.","Jl. Nanas Semen, Tegalrejo, Semen, Kec. Gandusari, Kabupaten Blitar, Jawa Timur",13,8
110,Kampung Melon,"Kampung Melon atau Kampoeng Melon merupakan salah satu desa wisata berbasis agro dengan komoditi melon sebagai daya tarik andalannya. Kawasan wisata ini secara administratif masuk dalam wilayah Dusun Karaganyar, Desa Modangan, Kec. Nglegok, Kab. Blitar. Posisinya cukup strategis karena cukup dekat dengan Kawasan Wisata Candi Penataran dan sejalur dengan Perkebunan Kopi Karanganyar. Berikut rute menuju Kampung Melon: Kota Blitar  Nglegok  Pertigaan Pasar Penataran belok kanan  Perempatan Kantor Desa Modangan belok kiri  Ikuti jalan hingga masuk kawasan Wisata Kampung Melon.","Jl. Cepaka No.31, Bulu, Kalipang, Kec. Sutojayan, Kabupaten Blitar, Jawa Timur",14,3
111,Air Terjun Bidadari,"Kedung Golek merupakan sebuah jurug atau air terjun yang terletak di Desa Panggungrejo, Kec. Panggungrejo Kab. Blitar. Setelah dikembangkan, jurug ini diberi nama Air Terjun Bidadari. Rute untuk menuju ke lokasi air terjun cukup mudah. Dari Blitar, arahkan perjalanan ke Sutojayan  arah Pantai Serang  Desa Panggungrejo  Tugu Pancasila Panggungrejo, lurus saja (jika belok kiri arah ke Pantai Serang dan pehpulo) sampai ada SD 7 Panggungrejo kiri jalan  belok kanan ikuti jalan tanah dan rabat beton sampai jalan menurun agak tajam.","Panggungrejo, Kec. Panggungrejo, Kabupaten Blitar, Jawa Timur",3,7
112,De Karanganjar Koffieplantage,"Perkebunan Kopi Karanganyar secara administratif terletak di Dusun Karanganyar, Desa Modangan, Nglegok, Kab. Blitar. Letak perkebunan ini cukup strategis karena berada tak jauh dari Kawasan Wisata Penataran dan sejalur dengan beberapa destinasi wisata Blitar utara lainnya. Untuk menuju Perkebunan Karanganyar berikut rute yang bisa digunakan: Pertigaan Pasar Penataran ambil kanan ke arah Desa Modangan  Sesampai perempatan Kantor Desa Modangan ambil kiri searah dengan petunjuk arah menuju Arca Warak dan Kampoeng Melon  Ikuti jalan yang tersedia hingga tiba di kawasan Perkebunan Karanganyar.","Perkebunan Kopi Karanganjar, Karanganyar Timur, Modangan, Nglegok, Kabupaten Blitar, Jawa Timur ",13,3
113,Omah Jenang,"Omah Jenang merupakan wisata edukasi ngudek jenang atau mengaduk jenang di Blitar. Selain menyediakan jenang, madumongso, wajik klethik, dan wajik ketan, di outlet kami juga menyediakan berbagai macam jajanan khas lainnya, antara lain: geti, sambel pecel, sagon, aneka kripik buah, kue roti, opak ladu, rengginang, carang mas, manco, kripik tempe.","Jl. Masjid Utara No.46, Yosowinangun, Rejowinangun, Kec. Kademangan, Kabupaten Blitar, Jawa Timur",13,11
114,Perkebunan Sirah Kencong,"Obyek wisata ini dikenal memiliki keindahan alam yang tiada duanya, dikenal menyimpan peninggalan benda cagar budaya yang adiluhung, dan dikenal pula memiliki medan yang menantang. Inilah Wisata Agro Sirah Kencong. Terletak pada ketinggian 1000 m dpl, secara administratif masuk dalam wilayah Desa Ngadirenggo, Kec. Wlingi, Kab. Blitar, berada dalam pengelolaan PT. Perkebunan Nusantara XII.","Sirahkencong, Ngadirenggo, Kec. Wlingi, Kabupaten Blitar, Jawa Timur",12,9
115,Agro Wisata Aryo Kusumo Karangsono,"Kawasan wisata Aryo Kusumo adalah gabungan dari berbagai konsep wisata yang ada mulai dari kuliner, wisata kebun (Belimbing, Jambu Biji Merah, dan Markisa), wisata produksi pengolahan berbagai macam makanan dan minuman organik, serta berbagai macam kerajinan tangan. Tidak hanya itu saja, wisata Aryo Kusumo ini berbasis masyarakat dengan mengembangkan kearifan lokal di mana wisatawan tidak terbatas di pusat pengembangan wisata agro, namun bisa menikmati langsung di kebun milik masyarakat sekitar.","Karangsono, Kanigoro Kabupaten Blitar, Jawa Timur",14,13
116,Batik Khas Blitar Mawar Putih,"Secara kualitas dan mutu kain batik yang dihasilkan oleh masyarakat Blitar secara keseluruhan tidak kalah bagus dengan batik tulis dari daerah lain. Batik Blitar sendiri umumnya memiliki kekhasan corak tersendiri yang berbeda satu sama lain, baik dari segi motif, ragam hias, dan juga warnanya yang disesuaikan dengan sumber daya alam dan lingkungan yang ada di daerah tersebut.","Jl. Tanjung No.160, Pakunden, Kec. Sukorejo, Kota Blitar, Jawa Timur",11,2
